﻿<?xml version="1.0" encoding="utf-8"?>
<NinjaTrader>
  <NTTabPage>
    <InstrumentLink>0</InstrumentLink>
    <IntervalLink>0</IntervalLink>
    <ChartTraderVisibility>Collapsed</ChartTraderVisibility>
    <SeriesCount>1</SeriesCount>
    <DataSeries>
      <BarsProperties>
        <BarsProperties xmlns:xsd="http://www.w3.org/2001/XMLSchema" xmlns:xsi="http://www.w3.org/2001/XMLSchema-instance">
          <BarsPeriod>
            <BarsPeriodTypeSerialize>4</BarsPeriodTypeSerialize>
            <BaseBarsPeriodType>Minute</BaseBarsPeriodType>
            <BaseBarsPeriodValue>1</BaseBarsPeriodValue>
            <VolumetricDeltaType>BidAsk</VolumetricDeltaType>
            <MarketDataType>Last</MarketDataType>
            <PointAndFigurePriceType>Close</PointAndFigurePriceType>
            <ReversalType>Tick</ReversalType>
            <Value>1</Value>
            <Value2>1</Value2>
          </BarsPeriod>
          <RangeType>Days</RangeType>
          <BarsBack>50</BarsBack>
          <DaysBack>20</DaysBack>
          <From>2023-10-25T00:00:00</From>
          <IsStableSession>true</IsStableSession>
          <To>2099-12-01T00:00:00</To>
          <TradingHoursSerializable />
          <AutoScale>true</AutoScale>
          <CenterPriceOnScale>false</CenterPriceOnScale>
          <DisplayInDataBox>true</DisplayInDataBox>
          <Label>ES 03-24</Label>
          <MaxSerialized>0</MaxSerialized>
          <MinSerialized>0</MinSerialized>
          <Panel>0</Panel>
          <PriceMarker>
            <BackgroundSerialize>DEFAULT</BackgroundSerialize>
            <IsVisible>true</IsVisible>
          </PriceMarker>
          <ShowGlobalDrawObjects>true</ShowGlobalDrawObjects>
          <ScaleJustification>Right</ScaleJustification>
          <TradingHoursVisibility>AllSessions</TradingHoursVisibility>
          <TradingHoursBreakPenSerialize>&lt;Pen Brush="#FFC0C0C0" Thickness="1" xmlns="http://schemas.microsoft.com/winfx/2006/xaml/presentation"&gt;
  &lt;Pen.DashStyle&gt;
    &lt;DashStyle /&gt;
  &lt;/Pen.DashStyle&gt;
&lt;/Pen&gt;</TradingHoursBreakPenSerialize>
          <LongExecutionBrushSerialize>DEFAULT</LongExecutionBrushSerialize>
          <PlotExecutions>MarkersOnly</PlotExecutions>
          <PositionPenLoserSerialize>&lt;Pen Brush="#FFDC143C" Thickness="1" xmlns="http://schemas.microsoft.com/winfx/2006/xaml/presentation"&gt;
  &lt;Pen.DashStyle&gt;
    &lt;DashStyle Offset="0" Dashes="0 2" /&gt;
  &lt;/Pen.DashStyle&gt;
&lt;/Pen&gt;</PositionPenLoserSerialize>
          <PositionPenWinnerSerialize>&lt;Pen Brush="#FF006400" Thickness="1" xmlns="http://schemas.microsoft.com/winfx/2006/xaml/presentation"&gt;
  &lt;Pen.DashStyle&gt;
    &lt;DashStyle Offset="0" Dashes="0 2" /&gt;
  &lt;/Pen.DashStyle&gt;
&lt;/Pen&gt;</PositionPenWinnerSerialize>
          <ShortExecutionBrushSerialize>DEFAULT</ShortExecutionBrushSerialize>
          <BarsSeriesId>e1a4f970e2d74e60bac1745e1a0edde5</BarsSeriesId>
          <Id>e1a4f970e2d74e60bac1745e1a0edde5</Id>
          <Instrument>ES 03-24</Instrument>
          <IsLinked>true</IsLinked>
          <IsPrimarySeries>true</IsPrimarySeries>
          <ZOrder>1</ZOrder>
        </BarsProperties>
        <ChartStyles>
          <ChartStyle>
            <CandleStyle>
              <CandleStyle xmlns:xsd="http://www.w3.org/2001/XMLSchema" xmlns:xsi="http://www.w3.org/2001/XMLSchema-instance">
                <IsVisible>true</IsVisible>
                <BarWidth>0.80215849897721159</BarWidth>
                <ChartStyleTypeSerialize>1</ChartStyleTypeSerialize>
                <DownBrushSerialize>&lt;SolidColorBrush xmlns="http://schemas.microsoft.com/winfx/2006/xaml/presentation"&gt;#FFDC143C&lt;/SolidColorBrush&gt;</DownBrushSerialize>
                <UpBrushSerialize>&lt;SolidColorBrush xmlns="http://schemas.microsoft.com/winfx/2006/xaml/presentation"&gt;#FF00FF00&lt;/SolidColorBrush&gt;</UpBrushSerialize>
                <StrokeSerialize>&lt;Pen Brush="#FF696969" Thickness="1" xmlns="http://schemas.microsoft.com/winfx/2006/xaml/presentation"&gt;
  &lt;Pen.DashStyle&gt;
    &lt;DashStyle /&gt;
  &lt;/Pen.DashStyle&gt;
&lt;/Pen&gt;</StrokeSerialize>
                <Stroke2Serialize>&lt;Pen Brush="#FF696969" Thickness="1" xmlns="http://schemas.microsoft.com/winfx/2006/xaml/presentation"&gt;
  &lt;Pen.DashStyle&gt;
    &lt;DashStyle /&gt;
  &lt;/Pen.DashStyle&gt;
&lt;/Pen&gt;</Stroke2Serialize>
              </CandleStyle>
            </CandleStyle>
          </ChartStyle>
        </ChartStyles>
      </BarsProperties>
    </DataSeries>
    <Indicators>
      <Indicator BarsIndex="0" Instrument="ES 03-24 Globex" Name="NinjaTrader.NinjaScript.Indicators.BuyOneSellAnother" Panel="1" DisplayName="BuyOne SellAnother">
        <BuyOneSellAnother xmlns:xsd="http://www.w3.org/2001/XMLSchema" xmlns:xsi="http://www.w3.org/2001/XMLSchema-instance">
          <IsVisible>true</IsVisible>
          <AreLinesConfigurable>true</AreLinesConfigurable>
          <ArePlotsConfigurable>true</ArePlotsConfigurable>
          <BarsPeriodSerializable>
            <BarsPeriodTypeSerialize>4</BarsPeriodTypeSerialize>
            <BaseBarsPeriodType>Minute</BaseBarsPeriodType>
            <BaseBarsPeriodValue>1</BaseBarsPeriodValue>
            <VolumetricDeltaType>BidAsk</VolumetricDeltaType>
            <MarketDataType>Last</MarketDataType>
            <PointAndFigurePriceType>Close</PointAndFigurePriceType>
            <ReversalType>Tick</ReversalType>
            <Value>1</Value>
            <Value2>1</Value2>
          </BarsPeriodSerializable>
          <BarsToLoad>0</BarsToLoad>
          <DisplayInDataBox>true</DisplayInDataBox>
          <From>2023-11-22T00:00:00</From>
          <Panel>1</Panel>
          <ScaleJustification>Right</ScaleJustification>
          <ShowTransparentPlotsInDataBox>false</ShowTransparentPlotsInDataBox>
          <To>2023-12-12T00:00:00</To>
          <Calculate>OnPriceChange</Calculate>
          <Displacement>0</Displacement>
          <IsAutoScale>true</IsAutoScale>
          <IsDataSeriesRequired>true</IsDataSeriesRequired>
          <IsOverlay>false</IsOverlay>
          <Lines />
          <MaximumBarsLookBack>TwoHundredFiftySix</MaximumBarsLookBack>
          <Name>BuyOne SellAnother</Name>
          <Plots>
            <Plot>
              <IsOpacityVisible>false</IsOpacityVisible>
              <BrushSerialize>&lt;SolidColorBrush xmlns="http://schemas.microsoft.com/winfx/2006/xaml/presentation"&gt;#FFFFFF00&lt;/SolidColorBrush&gt;</BrushSerialize>
              <DashStyleHelper>Solid</DashStyleHelper>
              <Opacity>100</Opacity>
              <Width>1</Width>
              <AutoWidth>false</AutoWidth>
              <Max>1.7976931348623157E+308</Max>
              <Min>-1.7976931348623157E+308</Min>
              <Name>Mid</Name>
              <PlotStyle>Line</PlotStyle>
            </Plot>
            <Plot>
              <IsOpacityVisible>false</IsOpacityVisible>
              <BrushSerialize>&lt;SolidColorBrush xmlns="http://schemas.microsoft.com/winfx/2006/xaml/presentation"&gt;#FFFF0000&lt;/SolidColorBrush&gt;</BrushSerialize>
              <DashStyleHelper>Solid</DashStyleHelper>
              <Opacity>100</Opacity>
              <Width>2</Width>
              <AutoWidth>false</AutoWidth>
              <Max>1.7976931348623157E+308</Max>
              <Min>-1.7976931348623157E+308</Min>
              <Name>DU</Name>
              <PlotStyle>Dot</PlotStyle>
            </Plot>
            <Plot>
              <IsOpacityVisible>false</IsOpacityVisible>
              <BrushSerialize>&lt;SolidColorBrush xmlns="http://schemas.microsoft.com/winfx/2006/xaml/presentation"&gt;#FF008000&lt;/SolidColorBrush&gt;</BrushSerialize>
              <DashStyleHelper>Solid</DashStyleHelper>
              <Opacity>100</Opacity>
              <Width>2</Width>
              <AutoWidth>false</AutoWidth>
              <Max>1.7976931348623157E+308</Max>
              <Min>-1.7976931348623157E+308</Min>
              <Name>DL</Name>
              <PlotStyle>Dot</PlotStyle>
            </Plot>
            <Plot>
              <IsOpacityVisible>false</IsOpacityVisible>
              <BrushSerialize>&lt;SolidColorBrush xmlns="http://schemas.microsoft.com/winfx/2006/xaml/presentation"&gt;#FF800000&lt;/SolidColorBrush&gt;</BrushSerialize>
              <DashStyleHelper>Solid</DashStyleHelper>
              <Opacity>100</Opacity>
              <Width>1</Width>
              <AutoWidth>false</AutoWidth>
              <Max>1.7976931348623157E+308</Max>
              <Min>-1.7976931348623157E+308</Min>
              <Name>SLU</Name>
              <PlotStyle>Line</PlotStyle>
            </Plot>
            <Plot>
              <IsOpacityVisible>false</IsOpacityVisible>
              <BrushSerialize>&lt;SolidColorBrush xmlns="http://schemas.microsoft.com/winfx/2006/xaml/presentation"&gt;#FF800000&lt;/SolidColorBrush&gt;</BrushSerialize>
              <DashStyleHelper>Solid</DashStyleHelper>
              <Opacity>100</Opacity>
              <Width>1</Width>
              <AutoWidth>false</AutoWidth>
              <Max>1.7976931348623157E+308</Max>
              <Min>-1.7976931348623157E+308</Min>
              <Name>SLD</Name>
              <PlotStyle>Line</PlotStyle>
            </Plot>
            <Plot>
              <IsOpacityVisible>false</IsOpacityVisible>
              <BrushSerialize>&lt;SolidColorBrush xmlns="http://schemas.microsoft.com/winfx/2006/xaml/presentation"&gt;#FF00FFFF&lt;/SolidColorBrush&gt;</BrushSerialize>
              <DashStyleHelper>Solid</DashStyleHelper>
              <Opacity>100</Opacity>
              <Width>1</Width>
              <AutoWidth>false</AutoWidth>
              <Max>1.7976931348623157E+308</Max>
              <Min>-1.7976931348623157E+308</Min>
              <Name>Spread</Name>
              <PlotStyle>Hash</PlotStyle>
            </Plot>
            <Plot>
              <IsOpacityVisible>false</IsOpacityVisible>
              <BrushSerialize>&lt;SolidColorBrush xmlns="http://schemas.microsoft.com/winfx/2006/xaml/presentation"&gt;#FFFF1493&lt;/SolidColorBrush&gt;</BrushSerialize>
              <DashStyleHelper>Solid</DashStyleHelper>
              <Opacity>100</Opacity>
              <Width>1</Width>
              <AutoWidth>false</AutoWidth>
              <Max>1.7976931348623157E+308</Max>
              <Min>-1.7976931348623157E+308</Min>
              <Name>MA1</Name>
              <PlotStyle>Line</PlotStyle>
            </Plot>
            <Plot>
              <IsOpacityVisible>false</IsOpacityVisible>
              <BrushSerialize>&lt;SolidColorBrush xmlns="http://schemas.microsoft.com/winfx/2006/xaml/presentation"&gt;#FFFF4500&lt;/SolidColorBrush&gt;</BrushSerialize>
              <DashStyleHelper>Solid</DashStyleHelper>
              <Opacity>100</Opacity>
              <Width>1</Width>
              <AutoWidth>false</AutoWidth>
              <Max>1.7976931348623157E+308</Max>
              <Min>-1.7976931348623157E+308</Min>
              <Name>MA2</Name>
              <PlotStyle>Line</PlotStyle>
            </Plot>
            <Plot>
              <IsOpacityVisible>false</IsOpacityVisible>
              <BrushSerialize>&lt;SolidColorBrush xmlns="http://schemas.microsoft.com/winfx/2006/xaml/presentation"&gt;#FF0000FF&lt;/SolidColorBrush&gt;</BrushSerialize>
              <DashStyleHelper>Solid</DashStyleHelper>
              <Opacity>100</Opacity>
              <Width>2</Width>
              <AutoWidth>false</AutoWidth>
              <Max>1.7976931348623157E+308</Max>
              <Min>-1.7976931348623157E+308</Min>
              <Name>HiLoBarTop</Name>
              <PlotStyle>Line</PlotStyle>
            </Plot>
            <Plot>
              <IsOpacityVisible>false</IsOpacityVisible>
              <BrushSerialize>&lt;SolidColorBrush xmlns="http://schemas.microsoft.com/winfx/2006/xaml/presentation"&gt;#FF0000FF&lt;/SolidColorBrush&gt;</BrushSerialize>
              <DashStyleHelper>Solid</DashStyleHelper>
              <Opacity>100</Opacity>
              <Width>2</Width>
              <AutoWidth>false</AutoWidth>
              <Max>1.7976931348623157E+308</Max>
              <Min>-1.7976931348623157E+308</Min>
              <Name>HiLoBarBot</Name>
              <PlotStyle>Line</PlotStyle>
            </Plot>
          </Plots>
          <SelectedValueSeries>0</SelectedValueSeries>
          <InputPlot>0</InputPlot>
          <IsTradingHoursBreakLineVisible>true</IsTradingHoursBreakLineVisible>
          <DrawHorizontalGridLines>true</DrawHorizontalGridLines>
          <DrawVerticalGridLines>true</DrawVerticalGridLines>
          <DrawOnPricePanel>false</DrawOnPricePanel>
          <PaintPriceMarkers>true</PaintPriceMarkers>
          <ChartHashCodeDeserialized>0</ChartHashCodeDeserialized>
          <IndicatorId>6</IndicatorId>
          <InstrumentDeserialized>RTY 12-22 Globex</InstrumentDeserialized>
          <MaxSerialized>0</MaxSerialized>
          <MinSerialized>0</MinSerialized>
          <ZOrder>10004</ZOrder>
          <pMA1period>50</pMA1period>
          <pMA1type>EMA</pMA1type>
          <pMA1LineColorBrush_Serialize>&lt;SolidColorBrush xmlns="http://schemas.microsoft.com/winfx/2006/xaml/presentation"&gt;#FFFFC0CB&lt;/SolidColorBrush&gt;</pMA1LineColorBrush_Serialize>
          <pMA1LineWidth>1</pMA1LineWidth>
          <pMA1UpDotsBrush_Serialize>&lt;SolidColorBrush xmlns="http://schemas.microsoft.com/winfx/2006/xaml/presentation"&gt;#FF008000&lt;/SolidColorBrush&gt;</pMA1UpDotsBrush_Serialize>
          <pMA1DnDotsBrush_Serialize>&lt;SolidColorBrush xmlns="http://schemas.microsoft.com/winfx/2006/xaml/presentation"&gt;#FFFF0000&lt;/SolidColorBrush&gt;</pMA1DnDotsBrush_Serialize>
          <pMA2period>0</pMA2period>
          <pMA2type>EMA</pMA2type>
          <pMA2LineColorBrush_Serialize>&lt;SolidColorBrush xmlns="http://schemas.microsoft.com/winfx/2006/xaml/presentation"&gt;#FF0000FF&lt;/SolidColorBrush&gt;</pMA2LineColorBrush_Serialize>
          <pMA2LineWidth>1</pMA2LineWidth>
          <pFastMASignalDelayInBars>0</pFastMASignalDelayInBars>
          <pTrendSignalUpDotsBrush_Serialize>&lt;SolidColorBrush xmlns="http://schemas.microsoft.com/winfx/2006/xaml/presentation"&gt;#FF00FFFF&lt;/SolidColorBrush&gt;</pTrendSignalUpDotsBrush_Serialize>
          <pTrendSignalDnDotsBrush_Serialize>&lt;SolidColorBrush xmlns="http://schemas.microsoft.com/winfx/2006/xaml/presentation"&gt;#FFA0522D&lt;/SolidColorBrush&gt;</pTrendSignalDnDotsBrush_Serialize>
          <pTrendSignalDotSize>6</pTrendSignalDotSize>
          <pLongContracts>1</pLongContracts>
          <pShortSymbol>YM 03-24</pShortSymbol>
          <pShortContracts>1</pShortContracts>
          <pMaxSpreadsQty>5</pMaxSpreadsQty>
          <pAccountName>Sim101</pAccountName>
          <pIsEquitySpread>true</pIsEquitySpread>
          <pSMAperiod>-1</pSMAperiod>
          <pChannelResetTime>800</pChannelResetTime>
          <pStartTime>800</pStartTime>
          <pStopTime>1600</pStopTime>
          <pExitTime>1600</pExitTime>
          <pAutoTradeOnBarClose>false</pAutoTradeOnBarClose>
          <pATBuyLineColor_Serialize>&lt;SolidColorBrush xmlns="http://schemas.microsoft.com/winfx/2006/xaml/presentation"&gt;#FF0000FF&lt;/SolidColorBrush&gt;</pATBuyLineColor_Serialize>
          <pATBuyLineThickness>3</pATBuyLineThickness>
          <pATSellLineColor_Serialize>&lt;SolidColorBrush xmlns="http://schemas.microsoft.com/winfx/2006/xaml/presentation"&gt;#FFFFC0CB&lt;/SolidColorBrush&gt;</pATSellLineColor_Serialize>
          <pATSellLineThickness>3</pATSellLineThickness>
          <pChannelReductionPct>0.1</pChannelReductionPct>
          <pOuterBandsMult>0.2</pOuterBandsMult>
          <pCorrelationTimeMinutes>10</pCorrelationTimeMinutes>
          <pGridlineSpacing>100</pGridlineSpacing>
          <pGridlineBrush_Serialize>&lt;SolidColorBrush xmlns="http://schemas.microsoft.com/winfx/2006/xaml/presentation"&gt;#FFFFFF00&lt;/SolidColorBrush&gt;</pGridlineBrush_Serialize>
          <pGridlineOpacity>0.05</pGridlineOpacity>
          <pShowReversalDots>true</pShowReversalDots>
          <pShowSpreadHistory>true</pShowSpreadHistory>
          <pShowSessionTPO>true</pShowSessionTPO>
          <pReversalDotsPeriod>7</pReversalDotsPeriod>
          <EntryLongSound>Alert1.wav</EntryLongSound>
          <EntryShortSound>Alert1.wav</EntryShortSound>
          <SLExitSound>&lt;inst&gt;_ExtremeHit.wav</SLExitSound>
          <MidlineCrossSound>&lt;inst&gt;_MidlineHit.wav</MidlineCrossSound>
          <IsProVersion>true</IsProVersion>
        </BuyOneSellAnother>
        <Input>
          <PriceType>Close</PriceType>
        </Input>
      </Indicator>
    </Indicators>
    <CrosshairType>Off</CrosshairType>
    <StayInDrawMode>False</StayInDrawMode>
    <Properties>
      <ChartControlProperties xmlns:xsd="http://www.w3.org/2001/XMLSchema" xmlns:xsi="http://www.w3.org/2001/XMLSchema-instance">
        <AlwaysOnTop>false</AlwaysOnTop>
        <AreTabsVisible>true</AreTabsVisible>
        <AllowSelectionDragging>true</AllowSelectionDragging>
        <EquidistantBarSpacing>true</EquidistantBarSpacing>
        <LabelFont>
          <Bold>false</Bold>
          <FamilySerialize>Arial</FamilySerialize>
          <Italic>false</Italic>
          <Size>11</Size>
        </LabelFont>
        <BarDistance>2.67386127</BarDistance>
        <BarMarginRightUser>80</BarMarginRightUser>
        <ChartTraderVisibility>Collapsed</ChartTraderVisibility>
        <ShowDateRange>false</ShowDateRange>
        <ShowScrollBar>true</ShowScrollBar>
        <SnapMode>Bar</SnapMode>
        <TabName>RTY-YM</TabName>
        <LoadBackgroundImage>false</LoadBackgroundImage>
        <BackgroundImageStretch>Fill</BackgroundImageStretch>
        <ChartBackgroundSerialize>DEFAULT</ChartBackgroundSerialize>
        <ChartTextSerialize>DEFAULT</ChartTextSerialize>
        <CrosshairLabelBackgroundSerialize>DEFAULT</CrosshairLabelBackgroundSerialize>
        <InactivePriceMarkersBrushSerialize>DEFAULT</InactivePriceMarkersBrushSerialize>
        <AreHGridLinesVisible>false</AreHGridLinesVisible>
        <AreVGridLinesVisible>false</AreVGridLinesVisible>
        <AxisPenSerialize>DEFAULT</AxisPenSerialize>
        <CrosshairPen>DEFAULT</CrosshairPen>
        <CrosshairIsLocked>false</CrosshairIsLocked>
        <CrosshairCrosshairType>Off</CrosshairCrosshairType>
        <CrosshairDrawCursorOnly>false</CrosshairDrawCursorOnly>
        <GridLineHPenSerialize>DEFAULT</GridLineHPenSerialize>
        <GridLineVPenSerialize>DEFAULT</GridLineVPenSerialize>
        <PanelSplitterPenSerialize>DEFAULT</PanelSplitterPenSerialize>
      </ChartControlProperties>
    </Properties>
    <ChartPanels>
      <ChartPanel>
        <Height>64.8</Height>
        <HoldChartTraderOrders>false</HoldChartTraderOrders>
        <IsMaximized>false</IsMaximized>
        <Right>
          <ChartScaleProperties xmlns:xsd="http://www.w3.org/2001/XMLSchema" xmlns:xsi="http://www.w3.org/2001/XMLSchema-instance">
            <YAxisRangeType>Automatic</YAxisRangeType>
            <AutoScaleDateRangeType>ScreenDateRange</AutoScaleDateRangeType>
            <HorizontalGridlinesCalculation>Automatic</HorizontalGridlinesCalculation>
            <HorizontalGridlinesIntervalType>Points</HorizontalGridlinesIntervalType>
            <HorizontalGridlinesInterval>0</HorizontalGridlinesInterval>
            <AutoScaleMarginType>Percent</AutoScaleMarginType>
            <AutoScaleMarginLower>6</AutoScaleMarginLower>
            <AutoScaleMarginUpper>6</AutoScaleMarginUpper>
            <YAxisScalingType>Linear</YAxisScalingType>
            <FixedScaleMaxSerialize>4696.25</FixedScaleMaxSerialize>
            <FixedScaleMinSerialize>4662.25</FixedScaleMinSerialize>
          </ChartScaleProperties>
        </Right>
        <Left>
          <ChartScaleProperties xmlns:xsd="http://www.w3.org/2001/XMLSchema" xmlns:xsi="http://www.w3.org/2001/XMLSchema-instance">
            <YAxisRangeType>Automatic</YAxisRangeType>
            <AutoScaleDateRangeType>ScreenDateRange</AutoScaleDateRangeType>
            <HorizontalGridlinesCalculation>Automatic</HorizontalGridlinesCalculation>
            <HorizontalGridlinesIntervalType>Points</HorizontalGridlinesIntervalType>
            <HorizontalGridlinesInterval>0</HorizontalGridlinesInterval>
            <AutoScaleMarginType>Percent</AutoScaleMarginType>
            <AutoScaleMarginLower>6</AutoScaleMarginLower>
            <AutoScaleMarginUpper>6</AutoScaleMarginUpper>
            <YAxisScalingType>Linear</YAxisScalingType>
            <FixedScaleMaxSerialize>0</FixedScaleMaxSerialize>
            <FixedScaleMinSerialize>0</FixedScaleMinSerialize>
          </ChartScaleProperties>
        </Left>
        <Overlay>
          <ChartScaleProperties xmlns:xsd="http://www.w3.org/2001/XMLSchema" xmlns:xsi="http://www.w3.org/2001/XMLSchema-instance">
            <YAxisRangeType>Automatic</YAxisRangeType>
            <AutoScaleDateRangeType>ScreenDateRange</AutoScaleDateRangeType>
            <HorizontalGridlinesCalculation>Automatic</HorizontalGridlinesCalculation>
            <HorizontalGridlinesIntervalType>Points</HorizontalGridlinesIntervalType>
            <HorizontalGridlinesInterval>0</HorizontalGridlinesInterval>
            <AutoScaleMarginType>Percent</AutoScaleMarginType>
            <AutoScaleMarginLower>6</AutoScaleMarginLower>
            <AutoScaleMarginUpper>6</AutoScaleMarginUpper>
            <YAxisScalingType>Linear</YAxisScalingType>
            <FixedScaleMaxSerialize>0</FixedScaleMaxSerialize>
            <FixedScaleMinSerialize>0</FixedScaleMinSerialize>
          </ChartScaleProperties>
        </Overlay>
      </ChartPanel>
      <ChartPanel>
        <Height>515.2</Height>
        <HoldChartTraderOrders>false</HoldChartTraderOrders>
        <IsMaximized>false</IsMaximized>
        <Right>
          <ChartScaleProperties xmlns:xsd="http://www.w3.org/2001/XMLSchema" xmlns:xsi="http://www.w3.org/2001/XMLSchema-instance">
            <YAxisRangeType>Automatic</YAxisRangeType>
            <AutoScaleDateRangeType>ScreenDateRange</AutoScaleDateRangeType>
            <HorizontalGridlinesCalculation>Automatic</HorizontalGridlinesCalculation>
            <HorizontalGridlinesIntervalType>Points</HorizontalGridlinesIntervalType>
            <HorizontalGridlinesInterval>0</HorizontalGridlinesInterval>
            <AutoScaleMarginType>Percent</AutoScaleMarginType>
            <AutoScaleMarginLower>6</AutoScaleMarginLower>
            <AutoScaleMarginUpper>6</AutoScaleMarginUpper>
            <YAxisScalingType>Linear</YAxisScalingType>
            <FixedScaleMaxSerialize>50500.5</FixedScaleMaxSerialize>
            <FixedScaleMinSerialize>48296.625</FixedScaleMinSerialize>
          </ChartScaleProperties>
        </Right>
        <Left>
          <ChartScaleProperties xmlns:xsd="http://www.w3.org/2001/XMLSchema" xmlns:xsi="http://www.w3.org/2001/XMLSchema-instance">
            <YAxisRangeType>Automatic</YAxisRangeType>
            <AutoScaleDateRangeType>ScreenDateRange</AutoScaleDateRangeType>
            <HorizontalGridlinesCalculation>Automatic</HorizontalGridlinesCalculation>
            <HorizontalGridlinesIntervalType>Points</HorizontalGridlinesIntervalType>
            <HorizontalGridlinesInterval>0</HorizontalGridlinesInterval>
            <AutoScaleMarginType>Percent</AutoScaleMarginType>
            <AutoScaleMarginLower>6</AutoScaleMarginLower>
            <AutoScaleMarginUpper>6</AutoScaleMarginUpper>
            <YAxisScalingType>Linear</YAxisScalingType>
            <FixedScaleMaxSerialize>0</FixedScaleMaxSerialize>
            <FixedScaleMinSerialize>0</FixedScaleMinSerialize>
          </ChartScaleProperties>
        </Left>
        <Overlay>
          <ChartScaleProperties xmlns:xsd="http://www.w3.org/2001/XMLSchema" xmlns:xsi="http://www.w3.org/2001/XMLSchema-instance">
            <YAxisRangeType>Automatic</YAxisRangeType>
            <AutoScaleDateRangeType>ScreenDateRange</AutoScaleDateRangeType>
            <HorizontalGridlinesCalculation>Automatic</HorizontalGridlinesCalculation>
            <HorizontalGridlinesIntervalType>Points</HorizontalGridlinesIntervalType>
            <HorizontalGridlinesInterval>0</HorizontalGridlinesInterval>
            <AutoScaleMarginType>Percent</AutoScaleMarginType>
            <AutoScaleMarginLower>6</AutoScaleMarginLower>
            <AutoScaleMarginUpper>6</AutoScaleMarginUpper>
            <YAxisScalingType>Linear</YAxisScalingType>
            <FixedScaleMaxSerialize>0</FixedScaleMaxSerialize>
            <FixedScaleMinSerialize>0</FixedScaleMinSerialize>
          </ChartScaleProperties>
        </Overlay>
      </ChartPanel>
    </ChartPanels>
    <ChartAlerts />
  </NTTabPage>
  <ChartTrader>
    <Properties>
      <ChartTraderProperties xmlns:xsd="http://www.w3.org/2001/XMLSchema" xmlns:xsi="http://www.w3.org/2001/XMLSchema-instance">
        <AtmStrategySelectionMode>SelectActiveAtmStrategyOnOrderSubmission</AtmStrategySelectionMode>
        <AutoScale>true</AutoScale>
        <OrderDisplayBarLength>25</OrderDisplayBarLength>
        <PnLDisplayUnit>Currency</PnLDisplayUnit>
        <QuantityModificationForStocks>IncreaseQuantity</QuantityModificationForStocks>
        <ScaleQuantity>0</ScaleQuantity>
        <ShowRealizedPnLWhenFlat>false</ShowRealizedPnLWhenFlat>
        <SimulatedOrderVolumeTrigger>0</SimulatedOrderVolumeTrigger>
        <StopLimitOffsetEnabled>false</StopLimitOffsetEnabled>
        <StopLimitOffsetValue>0</StopLimitOffsetValue>
        <ActionButtonsBackgroundSerialize>DEFAULT</ActionButtonsBackgroundSerialize>
        <BuyButtonsBackgroundSerialize>DEFAULT</BuyButtonsBackgroundSerialize>
        <SellButtonsBackgroundSerialize>DEFAULT</SellButtonsBackgroundSerialize>
        <LimitSerialize>&lt;Pen Brush="#FF00FFFF" Thickness="2" xmlns="http://schemas.microsoft.com/winfx/2006/xaml/presentation"&gt;
  &lt;Pen.DashStyle&gt;
    &lt;DashStyle /&gt;
  &lt;/Pen.DashStyle&gt;
&lt;/Pen&gt;</LimitSerialize>
        <MitSerialize>&lt;Pen Brush="#FF00FF7F" Thickness="2" xmlns="http://schemas.microsoft.com/winfx/2006/xaml/presentation"&gt;
  &lt;Pen.DashStyle&gt;
    &lt;DashStyle /&gt;
  &lt;/Pen.DashStyle&gt;
&lt;/Pen&gt;</MitSerialize>
        <PositionEntryPriceSerialize>&lt;Pen Brush="#FFDEB887" Thickness="2" xmlns="http://schemas.microsoft.com/winfx/2006/xaml/presentation"&gt;
  &lt;Pen.DashStyle&gt;
    &lt;DashStyle /&gt;
  &lt;/Pen.DashStyle&gt;
&lt;/Pen&gt;</PositionEntryPriceSerialize>
        <ProfitTargetSerialize>&lt;Pen Brush="#FF00FF00" Thickness="2" xmlns="http://schemas.microsoft.com/winfx/2006/xaml/presentation"&gt;
  &lt;Pen.DashStyle&gt;
    &lt;DashStyle /&gt;
  &lt;/Pen.DashStyle&gt;
&lt;/Pen&gt;</ProfitTargetSerialize>
        <StopLimitSerialize>&lt;Pen Brush="#FFEE82EE" Thickness="2" xmlns="http://schemas.microsoft.com/winfx/2006/xaml/presentation"&gt;
  &lt;Pen.DashStyle&gt;
    &lt;DashStyle /&gt;
  &lt;/Pen.DashStyle&gt;
&lt;/Pen&gt;</StopLimitSerialize>
        <StopLossSerialize>&lt;Pen Brush="#FFFF0000" Thickness="2" xmlns="http://schemas.microsoft.com/winfx/2006/xaml/presentation"&gt;
  &lt;Pen.DashStyle&gt;
    &lt;DashStyle /&gt;
  &lt;/Pen.DashStyle&gt;
&lt;/Pen&gt;</StopLossSerialize>
        <StopMarketSerialize>&lt;Pen Brush="#FFFFC0CB" Thickness="2" xmlns="http://schemas.microsoft.com/winfx/2006/xaml/presentation"&gt;
  &lt;Pen.DashStyle&gt;
    &lt;DashStyle /&gt;
  &lt;/Pen.DashStyle&gt;
&lt;/Pen&gt;</StopMarketSerialize>
      </ChartTraderProperties>
    </Properties>
    <Account>Sim101</Account>
    <ATM></ATM>
    <Instrument>ES 03-24</Instrument>
    <Quantity>1</Quantity>
    <TIF>Day</TIF>
  </ChartTrader>
</NinjaTrader>